-- ============================================
-- SAMPLE DATABASE: Retail Company
-- Covers: basic queries, JOINs, aggregations,
--         subqueries, CTEs, window functions
-- ============================================

-- CUSTOMERS (20 customers)
CREATE TABLE customers (
    customer_id INTEGER PRIMARY KEY,
    first_name  TEXT,
    last_name   TEXT,
    email       TEXT,
    city        TEXT,
    state       TEXT,
    join_date   DATE
);

INSERT INTO customers VALUES
(1,  'Alice',   'Johnson',  'alice@email.com',   'Houston',     'TX', '2022-01-15'),
(2,  'Bob',     'Smith',    'bob@email.com',      'Austin',      'TX', '2022-03-20'),
(3,  'Carol',   'Williams', 'carol@email.com',    'Dallas',      'TX', '2022-06-01'),
(4,  'David',   'Brown',    'david@email.com',    'New York',    'NY', '2022-08-10'),
(5,  'Eva',     'Davis',    'eva@email.com',      'Chicago',     'IL', '2022-09-22'),
(6,  'Frank',   'Miller',   'frank@email.com',    'Houston',     'TX', '2022-11-08'),
(7,  'Grace',   'Wilson',   'grace@email.com',    'Austin',      'TX', '2023-01-14'),
(8,  'Henry',   'Moore',    'henry@email.com',    'Los Angeles', 'CA', '2023-02-28'),
(9,  'Iris',    'Taylor',   'iris@email.com',     'Seattle',     'WA', '2023-04-05'),
(10, 'Jack',    'Anderson', 'jack@email.com',     'Miami',       'FL', '2023-05-17'),
(11, 'Karen',   'Thomas',   'karen@email.com',    'Houston',     'TX', '2023-06-30'),
(12, 'Leo',     'Jackson',  'leo@email.com',      'Dallas',      'TX', '2023-08-12'),
(13, 'Mia',     'White',    'mia@email.com',      'New York',    'NY', '2023-09-01'),
(14, 'Nathan',  'Harris',   'nathan@email.com',   'Chicago',     'IL', '2023-10-19'),
(15, 'Olivia',  'Martin',   'olivia@email.com',   'Austin',      'TX', '2023-11-25'),
(16, 'Peter',   'Garcia',   'peter@email.com',    'Los Angeles', 'CA', '2024-01-07'),
(17, 'Quinn',   'Martinez', 'quinn@email.com',    'Seattle',     'WA', '2024-02-14'),
(18, 'Rachel',  'Robinson', 'rachel@email.com',   'Miami',       'FL', '2024-03-22'),
(19, 'Steve',   'Clark',    'steve@email.com',    'Houston',     'TX', '2024-04-10'),
(20, 'Tina',    'Lewis',    'tina@email.com',     'Dallas',      'TX', '2024-05-01');

-- EMPLOYEES (8 employees)
CREATE TABLE employees (
    employee_id INTEGER PRIMARY KEY,
    first_name  TEXT,
    last_name   TEXT,
    department  TEXT,
    salary      REAL,
    hire_date   DATE,
    manager_id  INTEGER
);

INSERT INTO employees VALUES
(1, 'Sarah',  'Lee',      'Management', 95000, '2020-01-01', NULL),
(2, 'James',  'Taylor',   'Sales',      60000, '2020-06-15', 1),
(3, 'Linda',  'Anderson', 'Sales',      58000, '2021-02-01', 1),
(4, 'Mark',   'Thomas',   'Analytics',  75000, '2021-09-01', 1),
(5, 'Nancy',  'Jackson',  'Analytics',  72000, '2022-03-15', 4),
(6, 'Paul',   'White',    'Sales',      55000, '2023-01-10', 2),
(7, 'Rita',   'Hall',     'Sales',      53000, '2023-06-01', 2),
(8, 'Sam',    'Young',    'Analytics',  70000, '2023-09-01', 4);

-- PRODUCTS (12 products)
CREATE TABLE products (
    product_id   INTEGER PRIMARY KEY,
    product_name TEXT,
    category     TEXT,
    price        REAL,
    stock_qty    INTEGER
);

INSERT INTO products VALUES
(1,  'Laptop Pro',         'Electronics', 1200.00, 50),
(2,  'Wireless Mouse',     'Electronics',   25.00, 200),
(3,  'Desk Chair',         'Furniture',    350.00, 30),
(4,  'Standing Desk',      'Furniture',    600.00, 15),
(5,  'Notebook Pack',      'Stationery',    12.00, 500),
(6,  'USB-C Hub',          'Electronics',   45.00, 120),
(7,  'Monitor 27"',        'Electronics',  400.00, 40),
(8,  'Pen Set',            'Stationery',     8.00, 300),
(9,  'Webcam HD',          'Electronics',   85.00, 90),
(10, 'Bookshelf',          'Furniture',    220.00, 25),
(11, 'Mechanical Keyboard','Electronics',  130.00, 75),
(12, 'Sticky Notes',       'Stationery',     5.00, 600);

-- ORDERS (120 orders, 2022-2024)
CREATE TABLE orders (
    order_id    INTEGER PRIMARY KEY,
    customer_id INTEGER,
    employee_id INTEGER,
    order_date  DATE,
    status      TEXT
);

INSERT INTO orders VALUES
(1001, 1,  2, '2022-01-20', 'Completed'),
(1002, 2,  3, '2022-02-05', 'Completed'),
(1003, 3,  2, '2022-02-18', 'Completed'),
(1004, 1,  6, '2022-03-10', 'Completed'),
(1005, 4,  3, '2022-03-25', 'Completed'),
(1006, 5,  2, '2022-04-08', 'Completed'),
(1007, 6,  6, '2022-04-20', 'Completed'),
(1008, 2,  3, '2022-05-03', 'Completed'),
(1009, 3,  2, '2022-05-17', 'Completed'),
(1010, 1,  6, '2022-06-01', 'Completed'),
(1011, 7,  3, '2022-06-15', 'Completed'),
(1012, 8,  2, '2022-07-02', 'Completed'),
(1013, 4,  6, '2022-07-19', 'Completed'),
(1014, 5,  3, '2022-08-05', 'Completed'),
(1015, 6,  2, '2022-08-22', 'Completed'),
(1016, 1,  6, '2022-09-08', 'Completed'),
(1017, 2,  3, '2022-09-25', 'Completed'),
(1018, 3,  2, '2022-10-11', 'Completed'),
(1019, 7,  6, '2022-10-28', 'Completed'),
(1020, 8,  3, '2022-11-14', 'Completed'),
(1021, 4,  2, '2022-11-30', 'Completed'),
(1022, 5,  6, '2022-12-17', 'Completed'),
(1023, 6,  3, '2022-12-31', 'Completed'),
(1024, 1,  2, '2023-01-10', 'Completed'),
(1025, 9,  3, '2023-01-22', 'Completed'),
(1026, 10, 6, '2023-02-07', 'Completed'),
(1027, 2,  2, '2023-02-20', 'Completed'),
(1028, 3,  3, '2023-03-06', 'Completed'),
(1029, 11, 6, '2023-03-19', 'Completed'),
(1030, 4,  2, '2023-04-02', 'Completed'),
(1031, 5,  3, '2023-04-15', 'Completed'),
(1032, 12, 6, '2023-04-28', 'Completed'),
(1033, 6,  2, '2023-05-11', 'Completed'),
(1034, 7,  3, '2023-05-24', 'Completed'),
(1035, 8,  6, '2023-06-06', 'Completed'),
(1036, 13, 2, '2023-06-19', 'Completed'),
(1037, 9,  3, '2023-07-02', 'Completed'),
(1038, 10, 6, '2023-07-15', 'Completed'),
(1039, 1,  2, '2023-07-28', 'Completed'),
(1040, 14, 3, '2023-08-10', 'Completed'),
(1041, 2,  6, '2023-08-23', 'Completed'),
(1042, 15, 2, '2023-09-05', 'Completed'),
(1043, 3,  3, '2023-09-18', 'Completed'),
(1044, 11, 6, '2023-10-01', 'Completed'),
(1045, 12, 2, '2023-10-14', 'Completed'),
(1046, 4,  3, '2023-10-27', 'Completed'),
(1047, 5,  6, '2023-11-09', 'Completed'),
(1048, 13, 2, '2023-11-22', 'Completed'),
(1049, 6,  3, '2023-12-05', 'Completed'),
(1050, 14, 6, '2023-12-18', 'Completed'),
(1051, 1,  2, '2024-01-03', 'Completed'),
(1052, 16, 3, '2024-01-16', 'Completed'),
(1053, 7,  6, '2024-01-29', 'Completed'),
(1054, 8,  2, '2024-02-11', 'Completed'),
(1055, 17, 3, '2024-02-24', 'Completed'),
(1056, 9,  6, '2024-03-08', 'Completed'),
(1057, 10, 2, '2024-03-21', 'Completed'),
(1058, 2,  3, '2024-04-03', 'Completed'),
(1059, 18, 6, '2024-04-16', 'Completed'),
(1060, 11, 2, '2024-04-29', 'Completed'),
(1061, 3,  3, '2024-05-12', 'Completed'),
(1062, 19, 6, '2024-05-25', 'Completed'),
(1063, 12, 2, '2024-06-07', 'Pending'),
(1064, 4,  3, '2024-06-20', 'Pending'),
(1065, 20, 6, '2024-07-03', 'Pending'),
(1066, 5,  2, '2024-07-16', 'Cancelled'),
(1067, 13, 3, '2024-07-29', 'Cancelled'),
(1068, 6,  6, '2024-08-11', 'Pending'),
(1069, 14, 2, '2024-08-24', 'Completed'),
(1070, 15, 3, '2024-09-06', 'Completed'),
(1071, 1,  2, '2023-03-01', 'Completed'),
(1072, 1,  3, '2023-06-15', 'Completed'),
(1073, 1,  6, '2023-11-10', 'Completed'),
(1074, 2,  2, '2023-01-05', 'Completed'),
(1075, 2,  3, '2023-05-20', 'Completed'),
(1076, 2,  6, '2023-10-30', 'Completed'),
(1077, 3,  2, '2023-02-14', 'Completed'),
(1078, 3,  3, '2023-07-07', 'Completed'),
(1079, 3,  6, '2024-01-20', 'Completed'),
(1080, 4,  2, '2022-05-10', 'Completed'),
(1081, 4,  3, '2022-10-25', 'Completed'),
(1082, 4,  6, '2023-08-01', 'Completed'),
(1083, 5,  2, '2022-06-18', 'Completed'),
(1084, 5,  3, '2023-02-28', 'Completed'),
(1085, 5,  6, '2023-09-14', 'Completed'),
(1086, 6,  2, '2022-07-05', 'Completed'),
(1087, 6,  3, '2022-12-10', 'Completed'),
(1088, 6,  6, '2023-05-30', 'Completed'),
(1089, 7,  2, '2022-08-18', 'Completed'),
(1090, 7,  3, '2023-03-22', 'Completed'),
(1091, 8,  2, '2022-09-05', 'Completed'),
(1092, 8,  3, '2023-04-11', 'Completed'),
(1093, 9,  6, '2023-08-19', 'Completed'),
(1094, 9,  2, '2024-01-08', 'Completed'),
(1095, 10, 3, '2023-09-02', 'Completed'),
(1096, 10, 6, '2024-02-17', 'Completed'),
(1097, 11, 2, '2023-10-20', 'Completed'),
(1098, 11, 3, '2024-03-05', 'Completed'),
(1099, 12, 6, '2023-11-11', 'Completed'),
(1100, 12, 2, '2024-04-22', 'Completed'),
(1101, 1,  2, '2022-01-28', 'Completed'),
(1102, 3,  3, '2022-02-14', 'Completed'),
(1103, 5,  6, '2022-03-05', 'Completed'),
(1104, 7,  2, '2022-04-11', 'Completed'),
(1105, 9,  3, '2023-01-30', 'Completed'),
(1106, 11, 6, '2023-02-16', 'Completed'),
(1107, 13, 2, '2023-03-28', 'Completed'),
(1108, 15, 3, '2023-04-09', 'Completed'),
(1109, 17, 6, '2024-02-28', 'Completed'),
(1110, 19, 2, '2024-03-15', 'Completed'),
(1111, 2,  3, '2024-04-08', 'Completed'),
(1112, 4,  6, '2024-05-01', 'Completed'),
(1113, 6,  2, '2024-06-14', 'Pending'),
(1114, 8,  3, '2024-07-07', 'Cancelled'),
(1115, 10, 6, '2024-08-01', 'Completed'),
(1116, 12, 2, '2024-09-10', 'Completed'),
(1117, 14, 3, '2024-09-23', 'Completed'),
(1118, 16, 6, '2024-10-06', 'Pending'),
(1119, 18, 2, '2024-10-19', 'Completed'),
(1120, 20, 3, '2024-11-02', 'Completed');

-- ORDER ITEMS
CREATE TABLE order_items (
    item_id    INTEGER PRIMARY KEY,
    order_id   INTEGER,
    product_id INTEGER,
    quantity   INTEGER,
    unit_price REAL
);

INSERT INTO order_items VALUES
(1,   1001,  1, 1, 1200.00),(2,   1001,  2, 2,   25.00),
(3,   1002,  3, 1,  350.00),(4,   1002,  6, 1,   45.00),
(5,   1003,  7, 1,  400.00),(6,   1003,  9, 1,   85.00),
(7,   1004,  4, 1,  600.00),(8,   1004,  5, 3,   12.00),
(9,   1005,  1, 1, 1200.00),(10,  1005,  2, 1,   25.00),
(11,  1006,  8, 5,    8.00),(12,  1006, 12, 2,    5.00),
(13,  1007,  6, 2,   45.00),(14,  1007,  2, 1,   25.00),
(15,  1008,  3, 1,  350.00),(16,  1008, 10, 1,  220.00),
(17,  1009,  7, 1,  400.00),(18,  1010, 11, 1,  130.00),
(19,  1010,  6, 1,   45.00),(20,  1011,  1, 1, 1200.00),
(21,  1011,  9, 1,   85.00),(22,  1012,  2, 3,   25.00),
(23,  1012,  5, 2,   12.00),(24,  1013,  4, 1,  600.00),
(25,  1014,  7, 1,  400.00),(26,  1014,  6, 2,   45.00),
(27,  1015,  3, 1,  350.00),(28,  1015,  8, 3,    8.00),
(29,  1016, 11, 1,  130.00),(30,  1016,  2, 2,   25.00),
(31,  1017,  1, 1, 1200.00),(32,  1018,  9, 1,   85.00),
(33,  1018, 12, 4,    5.00),(34,  1019, 10, 1,  220.00),
(35,  1020,  7, 2,  400.00),(36,  1021,  4, 1,  600.00),
(37,  1021,  5, 5,   12.00),(38,  1022,  3, 1,  350.00),
(39,  1023,  1, 1, 1200.00),(40,  1023,  6, 1,   45.00),
(41,  1024, 11, 1,  130.00),(42,  1024,  2, 2,   25.00),
(43,  1025,  7, 1,  400.00),(44,  1025,  9, 1,   85.00),
(45,  1026,  3, 1,  350.00),(46,  1027,  1, 1, 1200.00),
(47,  1027,  8, 5,    8.00),(48,  1028,  4, 1,  600.00),
(49,  1029,  6, 3,   45.00),(50,  1030,  7, 1,  400.00),
(51,  1031, 11, 1,  130.00),(52,  1031,  5, 3,   12.00),
(53,  1032,  2, 4,   25.00),(54,  1033,  9, 1,   85.00),
(55,  1033, 12, 3,    5.00),(56,  1034,  1, 1, 1200.00),
(57,  1034,  6, 1,   45.00),(58,  1035, 10, 1,  220.00),
(59,  1036,  3, 1,  350.00),(60,  1037,  7, 1,  400.00),
(61,  1038,  4, 1,  600.00),(62,  1038,  8, 2,    8.00),
(63,  1039, 11, 1,  130.00),(64,  1040,  1, 1, 1200.00),
(65,  1040,  2, 1,   25.00),(66,  1041,  9, 2,   85.00),
(67,  1042,  6, 2,   45.00),(68,  1043,  3, 1,  350.00),
(69,  1043,  5, 4,   12.00),(70,  1044,  7, 1,  400.00),
(71,  1045, 11, 1,  130.00),(72,  1045,  2, 3,   25.00),
(73,  1046,  4, 1,  600.00),(74,  1047,  1, 1, 1200.00),
(75,  1048, 10, 1,  220.00),(76,  1048,  8, 5,    8.00),
(77,  1049,  9, 1,   85.00),(78,  1050,  6, 3,   45.00),
(79,  1051,  7, 2,  400.00),(80,  1052,  3, 1,  350.00),
(81,  1052, 12, 6,    5.00),(82,  1053,  1, 1, 1200.00),
(83,  1053,  2, 2,   25.00),(84,  1054, 11, 1,  130.00),
(85,  1055,  4, 1,  600.00),(86,  1055,  5, 2,   12.00),
(87,  1056,  9, 1,   85.00),(88,  1057,  6, 2,   45.00),
(89,  1057,  8, 3,    8.00),(90,  1058,  7, 1,  400.00),
(91,  1059,  3, 1,  350.00),(92,  1059, 10, 1,  220.00),
(93,  1060,  1, 1, 1200.00),(94,  1061,  2, 3,   25.00),
(95,  1062, 11, 1,  130.00),(96,  1062,  6, 1,   45.00),
(97,  1063,  4, 1,  600.00),(98,  1064,  9, 2,   85.00),
(99,  1065,  7, 1,  400.00),(100, 1066,  5, 5,   12.00),
(101, 1067,  8, 4,    8.00),(102, 1068,  3, 1,  350.00),
(103, 1069,  1, 1, 1200.00),(104, 1069,  2, 1,   25.00),
(105, 1070, 11, 1,  130.00),(106, 1070,  6, 2,   45.00),
(107, 1071,  7, 1,  400.00),(108, 1072,  9, 1,   85.00),
(109, 1072, 12, 3,    5.00),(110, 1073,  4, 1,  600.00),
(111, 1074,  3, 1,  350.00),(112, 1075,  1, 1, 1200.00),
(113, 1076, 11, 1,  130.00),(114, 1076,  2, 2,   25.00),
(115, 1077,  6, 3,   45.00),(116, 1078,  7, 1,  400.00),
(117, 1078,  8, 4,    8.00),(118, 1079,  9, 1,   85.00),
(119, 1080,  4, 1,  600.00),(120, 1081,  3, 1,  350.00),
(121, 1081,  5, 3,   12.00),(122, 1082,  1, 1, 1200.00),
(123, 1083, 10, 1,  220.00),(124, 1084, 11, 1,  130.00),
(125, 1084,  6, 1,   45.00),(126, 1085,  7, 2,  400.00),
(127, 1086,  2, 3,   25.00),(128, 1087,  9, 1,   85.00),
(129, 1087, 12, 2,    5.00),(130, 1088,  4, 1,  600.00),
(131, 1089,  1, 1, 1200.00),(132, 1090,  3, 1,  350.00),
(133, 1090,  8, 5,    8.00),(134, 1091,  6, 2,   45.00),
(135, 1092, 11, 1,  130.00),(136, 1092,  2, 1,   25.00),
(137, 1093,  7, 1,  400.00),(138, 1094,  9, 1,   85.00),
(139, 1094,  5, 4,   12.00),(140, 1095,  4, 1,  600.00),
(141, 1096,  1, 1, 1200.00),(142, 1096,  6, 1,   45.00),
(143, 1097,  3, 1,  350.00),(144, 1098, 11, 1,  130.00),
(145, 1098,  8, 3,    8.00),(146, 1099,  7, 1,  400.00),
(147, 1100,  9, 2,   85.00),(148, 1101,  2, 2,   25.00),
(149, 1102,  6, 1,   45.00),(150, 1103,  4, 1,  600.00),
(151, 1104,  1, 1, 1200.00),(152, 1104, 10, 1,  220.00),
(153, 1105,  3, 1,  350.00),(154, 1106, 11, 1,  130.00),
(155, 1107,  7, 1,  400.00),(156, 1107,  5, 3,   12.00),
(157, 1108,  9, 1,   85.00),(158, 1109,  6, 2,   45.00),
(159, 1110,  2, 3,   25.00),(160, 1111,  4, 1,  600.00),
(161, 1112,  1, 1, 1200.00),(162, 1113,  8, 4,    8.00),
(163, 1114, 12, 5,    5.00),(164, 1115,  7, 1,  400.00),
(165, 1115,  6, 1,   45.00),(166, 1116,  3, 1,  350.00),
(167, 1117, 11, 1,  130.00),(168, 1117,  2, 2,   25.00),
(169, 1118,  9, 1,   85.00),(170, 1119,  4, 1,  600.00),
(171, 1120,  1, 1, 1200.00),(172, 1120,  5, 2,   12.00);